{
    "metadata":{
        "type":"Geometry",
        "materials":1,
        "generator":"io_three",
        "normals":91,
        "vertices":92,
        "faces":46,
        "version":3
    },
    "materials":[{
        "wireframe":false,
        "colorEmissive":[0.04,0.05,0.06],
        "depthWrite":true,
        "DbgColor":15658734,
        "blending":"NormalBlending",
        "shading":"lambert",
        "transparent":false,
        "colorDiffuse":[0.02,0.03,0.04],
        "depthTest":true,
        "visible":true,
        "DbgIndex":0,
        "opacity":1,
        "DbgName":"mat-background"
    }],
    "normals":[0.906919,0.421277,-0,0.977508,0.210761,-0,0.974914,0.22251,-0,0.89996,0.435926,-0,0.989227,-0.146214,-0,0.989196,-0.146519,-0,0.965575,-0.260079,-0,0.964873,-0.262642,-0,0.617908,0.786218,-0,0.780572,0.625019,-0,0.771355,0.636372,-0,0.608783,0.793329,-0,0.999817,0.017701,-0,0.999695,0.024323,-0,0.275216,0.961364,-0,0.445631,0.895199,-0,0.439436,0.898251,-0,0.271676,0.962371,-0,-0.149846,0.988678,-0,0.086612,0.996216,-0,0.086337,0.996246,-0,-0.145054,0.98941,-0,-0.612354,0.790551,-0,-0.411786,0.911252,-0,-0.402875,0.91522,-0,-0.605243,0.796014,-0,-0.719352,0.694601,-0,-0.708914,0.705283,-0,-0.706442,0.707755,-0,-0.720695,0.693228,-0,-0.604236,0.796777,-0,-0.68099,0.732261,-0,-0.684469,0.729026,-0,-0.610309,0.792138,-0,-0.383251,0.923612,-0,-0.498825,0.866695,-0,-0.504227,0.863552,-0,-0.386456,0.9223,-0,-0.457045,0.889431,-0,-0.3408,0.940123,-0,-0.462722,0.886471,-0,-0.833338,0.552751,-0,-0.65685,0.75399,-0,-0.667562,0.74453,-0,-0.843074,0.537736,-0,-0.990143,0.139958,-0,-0.942015,0.335551,-0,-0.946959,0.321268,-0,-0.992126,0.125034,-0,-0.964934,-0.262429,-0,-0.998535,-0.053591,-0,-0.997589,-0.069185,-0,-0.961058,-0.276254,-0,-0.745201,-0.666829,-0,-0.878964,-0.476852,-0,-0.875027,-0.484024,-0,-0.74514,-0.66689,-0,-0.398755,-0.91702,-0,-0.585284,-0.810785,-0,-0.590838,-0.806757,-0,-0.412793,-0.910794,-0,-0.049318,-0.998779,-0,-0.202673,-0.979217,-0,-0.219642,-0.975555,-0,-0.061525,-0.998077,-0,0.387829,-0.92172,-0,0.133946,-0.990966,-0,0.116123,-0.993225,-0,0.376293,-0.926481,-0,0.72927,-0.684194,-0,0.601825,-0.798608,-0,0.601947,-0.798517,-0,0.733085,-0.680105,-0,0.711173,-0.702994,-0,0.771844,-0.635792,-0,0.771111,-0.636677,-0,0.705313,-0.708884,-0,0.381909,-0.924161,-0,0.567309,-0.823481,-0,0.563707,-0.825953,-0,0.38319,-0.923643,-0,0.361034,-0.932524,-0,0.273507,-0.961852,-0,0.273934,-0.96173,-0,0.353252,-0.935514,-0,0.779534,-0.626331,-0,0.562365,-0.826868,-0,0.550707,-0.834681,-0,0.766839,-0.641804,-0,0.917142,-0.398541,-0,0.912534,-0.408948,-0],
    "vertices":[-49.1278,5.9901,-8.19676,-49.1278,-3.23673,-8.19676,-48.8282,-3.92736,-20.5838,-48.8282,5.29948,-20.5838,-43.2105,3.92764,-32.4147,-43.2105,-5.29919,-32.4147,-32.184,2.78468,-40.9277,-32.184,-6.44215,-40.9277,-18.7384,2.3275,-44.7869,-18.7384,-6.89934,-44.7869,-7.57594,-6.59455,-43.2456,-7.57594,2.63229,-43.2456,0.761053,3.39426,-36.7947,0.761053,-5.83258,-36.7947,9.61601,4.61282,-27.6203,9.61601,-4.61402,-27.6203,20.2215,-3.31942,-19.4946,20.2215,5.90742,-19.4946,32.0263,6.44064,-14.5686,32.0263,-2.78619,-14.5686,42.6689,5.90742,-9.0906,42.6689,-3.31942,-9.0906,49.3771,4.61342,1.37066,49.3771,-4.61342,1.37066,51.2282,-6.36321,15.3264,51.2282,2.86363,15.3264,47.5109,1.46384,28.7035,47.5109,-7.76299,28.7035,38.1583,1.46384,39.1111,38.1583,-7.76299,39.1111,26.2204,2.86363,44.4987,26.2204,-6.3632,44.4987,15.1521,-4.68584,45.1399,15.1521,4.54099,45.1399,5.25695,5.23177,40.9787,5.25695,-3.99506,40.9787,-3.66566,4.39127,31.3522,-3.66566,-4.83557,31.3522,-13.3944,3.3201,21.5639,-13.3944,-5.90674,21.5639,-26.4148,-5.75458,16.2221,-26.4148,3.47225,16.2221,-39.0371,4.38745,11.473,-39.0371,-4.83938,11.473,-46.1327,5.45847,2.88717,-46.1327,-3.76837,2.88717,-47.8591,5.85948,-2.51836,-47.8591,-3.36736,-2.51836,-49.5729,5.81517,-14.2009,-49.5729,-3.41167,-14.2009,-46.7541,4.61349,-26.8276,-46.7541,-4.61335,-26.8276,-38.3147,3.29901,-37.1723,-38.3147,-5.92782,-37.1723,-25.4486,2.44179,-43.5196,-25.4486,-6.78504,-43.5196,-12.599,2.40369,-44.7041,-12.599,-6.82314,-44.7041,-3.25921,2.97517,-40.5597,-3.25921,-6.25166,-40.5597,4.91081,3.92749,-32.3489,4.91081,-5.29934,-32.3489,14.7588,5.31716,-23.1539,14.7588,-3.90968,-23.1539,25.9839,6.30734,-16.6352,25.9839,-2.9195,-16.6352,37.7781,6.30734,-12.364,37.7781,-2.9195,-12.364,46.576,5.31731,-4.5714,46.576,-3.90953,-4.5714,50.9639,3.79558,8.18634,50.9639,-5.43125,8.18634,50.1004,2.01918,22.3219,50.1004,-7.20766,22.3219,43.5126,1.25845,34.3428,43.5126,-7.96838,34.3428,32.1576,2.01918,42.6244,32.1576,-7.20766,42.6244,20.5005,3.77748,45.1864,20.5005,-5.44936,45.1864,10.0969,5.05786,43.8929,10.0969,-4.16898,43.8929,0.660103,5.02286,36.6982,0.660103,-4.20397,36.6982,-8.19295,3.70201,25.9657,-8.19295,-5.52483,25.9657,-19.4187,3.24402,18.2737,-19.4187,-5.98282,18.2737,-33.3113,3.89125,14.3187,-33.3113,-5.33559,14.3187,-43.3812,4.92261,7.66818,-43.3812,-4.30422,7.66818],
    "faces":[35,50,3,2,51,0,0,1,2,3,35,1,0,46,47,0,4,5,6,7,35,52,4,5,53,0,8,9,10,11,35,2,3,48,49,0,2,1,12,13,35,54,6,7,55,0,14,15,16,17,35,5,4,50,51,0,10,9,0,3,35,56,8,9,57,0,18,19,20,21,35,7,6,52,53,0,16,15,8,11,35,58,11,10,59,0,22,23,24,25,35,9,8,54,55,0,20,19,14,17,35,60,12,13,61,0,26,27,28,29,35,10,11,56,57,0,24,23,18,21,35,62,14,15,63,0,30,31,32,33,35,13,12,58,59,0,28,27,22,25,35,64,17,16,65,0,34,35,36,37,35,15,14,60,61,0,32,31,26,29,35,66,18,19,67,0,38,39,39,40,35,16,17,62,63,0,36,35,30,33,35,68,20,21,69,0,41,42,43,44,35,19,18,64,65,0,39,39,34,37,35,70,22,23,71,0,45,46,47,48,35,21,20,66,67,0,43,42,38,40,35,72,25,24,73,0,49,50,51,52,35,23,22,68,69,0,47,46,41,44,35,74,26,27,75,0,53,54,55,56,35,24,25,70,71,0,51,50,45,48,35,76,28,29,77,0,57,58,59,60,35,27,26,72,73,0,55,54,49,52,35,78,30,31,79,0,61,62,63,64,35,29,28,74,75,0,59,58,53,56,35,80,33,32,81,0,65,66,67,68,35,31,30,76,77,0,63,62,57,60,35,82,34,35,83,0,69,70,71,72,35,32,33,78,79,0,67,66,61,64,35,84,36,37,85,0,73,74,75,76,35,35,34,80,81,0,71,70,65,68,35,86,38,39,87,0,77,78,79,80,35,37,36,82,83,0,75,74,69,72,35,88,41,40,89,0,81,82,83,84,35,39,38,84,85,0,79,78,73,76,35,90,42,43,91,0,85,86,87,88,35,40,41,86,87,0,83,82,77,80,35,46,44,45,47,0,6,89,90,7,35,43,42,88,89,0,87,86,81,84,35,45,44,90,91,0,90,89,85,88,35,48,0,1,49,0,12,5,4,13],
    "name":"ringGeometry.4"
}