{
    "geometries":[{
        "data":{
            "colors":[12848155,12849183,10423321,9178392,5510930,6102296,12079689,10274713,8368796,16318742,16711703,6001826,5869985,5804193,0,7279124,7344661,13087354,7253935,16646167,9571866,7475734,8040348,15795224,6627356,6233883,14747418,7082518,10685466,7909278,14747417,15598617,10357786,5971992,7016726,7148052,5315347,5935778,10816535,14747675,5774358,15336986,7081746,9964826,10619673,7541012,11884109,12652317,6169114,10208922],
            "name":"SphereGeometry.1",
            "normals":[0.485173,0.851011,0.200965,0.920989,-0.079039,0.381486,0.694212,-0.659836,0.287552,0.377965,0.912487,0.156558,0.130336,-0.989999,0.053987,0.922668,0.051199,0.382181,0.796002,-0.507611,0.329715,0.130336,0.989999,0.053987,0.377964,-0.912487,0.156558,0.856386,0.375197,0.354726,0.873153,-0.326799,0.361672,0.535591,-0.814816,0.221849,0.329715,-0.507611,0.796002,0.053987,0.989999,0.130336,0.156558,-0.912487,0.377964,0.354726,0.375197,0.856386,0.361672,-0.326799,0.873153,0.221849,-0.814816,0.535591,0.200965,0.851011,0.485173,0.381486,-0.079038,0.920989,0.287552,-0.659836,0.694212,0.156558,0.912487,0.377965,0.053987,-0.989999,0.130336,0.382181,0.051198,0.922668,-0.381486,-0.079038,0.920989,-0.287552,-0.659836,0.694212,-0.156558,0.912487,0.377965,-0.053987,-0.989999,0.130336,-0.382181,0.051199,0.922668,-0.329715,-0.507611,0.796002,-0.053987,0.989999,0.130336,-0.156558,-0.912487,0.377964,-0.354727,0.375197,0.856386,-0.361672,-0.326799,0.873153,-0.221849,-0.814816,0.535591,-0.200965,0.851011,0.485173,-0.873153,-0.326799,0.361672,-0.535591,-0.814816,0.221849,-0.485173,0.851011,0.200965,-0.920989,-0.079039,0.381486,-0.694212,-0.659836,0.287552,-0.377965,0.912487,0.156558,-0.130336,-0.989999,0.053987,-0.922668,0.051199,0.382181,-0.796002,-0.507611,0.329715,-0.130336,0.989999,0.053987,-0.377964,-0.912487,0.156558,-0.856386,0.375197,0.354727,-0.922668,0.051199,-0.382182,-0.796002,-0.507611,-0.329715,-0.130336,0.989999,-0.053987,-0.377964,-0.912487,-0.156558,-0.856386,0.375197,-0.354727,-0.873153,-0.326799,-0.361672,-0.535591,-0.814816,-0.221849,-0.485173,0.851011,-0.200965,-0.920989,-0.079039,-0.381486,-0.694212,-0.659836,-0.287552,-0.377965,0.912487,-0.156558,-0.130336,-0.989999,-0.053987,-0.381486,-0.079039,-0.920989,-0.287552,-0.659836,-0.694212,-0.156558,0.912487,-0.377965,-0.053987,-0.989999,-0.130336,-0.382181,0.051198,-0.922668,-0.329715,-0.507611,-0.796002,-0.053987,0.989999,-0.130336,-0.156558,-0.912487,-0.377964,-0.354726,0.375197,-0.856386,-0.361672,-0.326799,-0.873153,-0.221849,-0.814816,-0.535591,-0.200965,0.851011,-0.485173,0.354727,0.375197,-0.856386,0.361672,-0.326799,-0.873153,0.221849,-0.814816,-0.535591,0.200965,0.851011,-0.485173,0.381486,-0.079039,-0.920989,0.287552,-0.659836,-0.694212,0.156558,0.912487,-0.377965,0.053987,-0.989999,-0.130336,0.382182,0.051199,-0.922668,0.329715,-0.507611,-0.796002,0.053987,0.989999,-0.130336,0.156558,-0.912487,-0.377964,0.130336,-0.989999,-0.053987,0.922668,0.051198,-0.382182,0.796002,-0.507612,-0.329715,0.130336,0.989999,-0.053987,0.377964,-0.912487,-0.156558,0.856386,0.375197,-0.354726,0.873153,-0.326799,-0.361672,0.535591,-0.814816,-0.221849,0.485173,0.851011,-0.200965,0.920989,-0.079039,-0.381486,0.694212,-0.659836,-0.287552,0.377965,0.912487,-0.156558],
            "faces":[161,5,16,15,89,0,0,0,0,0,1,2,3,161,3,13,12,2,1,1,1,1,4,5,6,6,161,1,10,9,87,2,2,2,2,7,7,8,8,161,6,17,16,5,3,3,3,3,9,10,1,0,160,0,7,29,4,4,4,11,12,13,161,4,14,13,3,5,5,5,5,15,16,5,4,161,88,11,10,1,6,6,6,6,17,17,7,7,160,85,17,6,7,7,7,10,10,9,161,7,0,86,8,8,8,8,8,12,11,18,18,161,89,15,14,4,9,9,9,9,3,2,16,15,161,2,12,11,88,10,10,10,10,6,6,17,17,161,87,9,8,86,11,11,11,11,8,8,18,18,161,11,22,21,10,12,12,12,12,17,17,7,7,160,85,28,17,13,13,13,10,19,10,161,8,19,18,7,14,14,14,14,18,18,13,12,161,15,26,25,14,15,15,15,15,2,20,21,16,161,12,23,22,11,16,16,16,16,6,6,17,17,161,9,20,19,8,17,17,17,17,8,22,18,18,161,16,27,26,15,18,18,18,18,1,23,20,2,161,13,24,23,12,19,19,19,19,5,24,6,6,161,10,21,20,9,20,20,20,20,7,7,22,8,161,17,28,27,16,21,21,21,21,10,19,23,1,160,7,18,29,22,22,22,12,13,13,161,14,25,24,13,23,23,23,23,16,21,24,5,161,24,36,35,23,24,24,24,24,24,25,6,6,161,21,33,32,20,25,25,25,25,7,7,22,22,161,28,40,39,27,26,26,26,26,19,10,26,23,160,18,30,29,27,27,27,13,13,13,161,25,37,36,24,28,28,28,28,21,27,25,24,161,22,34,33,21,29,29,29,29,17,17,7,7,160,85,40,28,30,30,30,10,10,19,161,19,31,30,18,31,31,31,31,18,18,13,13,161,26,38,37,25,32,32,32,32,20,28,27,21,161,23,35,34,22,33,33,33,33,6,6,17,17,161,20,32,31,19,34,34,34,34,22,22,18,18,161,27,39,38,26,35,35,35,35,23,26,28,20,161,35,46,45,34,36,36,36,36,6,6,17,17,161,32,43,42,31,37,37,37,37,29,8,18,18,161,39,50,49,38,38,38,38,38,30,31,32,28,161,36,47,46,35,39,39,39,39,25,33,6,6,161,33,44,43,32,40,40,40,40,7,7,8,22,161,40,51,50,39,41,41,41,41,10,19,31,26,160,30,41,29,42,42,42,13,12,13,161,37,48,47,36,43,43,43,43,27,34,33,25,161,34,45,44,33,44,44,44,44,17,17,7,7,160,85,51,40,45,45,45,10,19,10,161,31,42,41,30,46,46,46,46,18,18,12,13,161,38,49,48,37,47,47,47,47,28,32,34,27,161,48,59,58,47,48,48,48,48,34,35,36,33,161,45,56,55,44,49,49,49,49,17,17,7,7,160,85,62,51,50,50,50,10,10,19,161,42,53,52,41,51,51,51,51,18,18,37,12,161,49,60,59,48,52,52,52,52,32,38,35,34,161,46,57,56,45,53,53,53,53,6,6,17,17,161,43,54,53,42,54,54,54,54,8,8,18,18,161,50,61,60,49,55,55,55,55,31,39,38,32,161,47,58,57,46,56,56,56,56,33,36,6,6,161,44,55,54,43,57,57,57,57,7,7,8,8,161,51,62,61,50,58,58,58,58,19,10,39,31,160,41,52,29,59,59,59,12,37,13,161,58,69,68,57,60,60,60,60,36,40,6,6,161,55,66,65,54,61,61,61,61,7,7,8,8,161,62,73,72,61,62,62,62,62,10,10,41,39,160,52,63,29,63,63,63,37,13,13,161,59,70,69,58,64,64,64,64,35,42,40,36,161,56,67,66,55,65,65,65,65,17,17,7,7,160,85,73,62,66,66,66,10,10,10,161,53,64,63,52,67,67,67,67,18,18,13,37,161,60,71,70,59,68,68,68,68,38,43,42,35,161,57,68,67,56,69,69,69,69,6,6,17,17,161,54,65,64,53,70,70,70,70,8,8,18,18,161,61,72,71,60,71,71,71,71,39,41,43,38,161,71,82,81,70,72,72,72,72,43,44,45,42,161,68,79,78,67,73,73,73,73,46,6,17,17,161,65,76,75,64,74,74,74,74,8,8,18,18,161,72,83,82,71,75,75,75,75,41,47,44,43,161,69,80,79,68,76,76,76,76,40,48,6,46,161,66,77,76,65,77,77,77,77,7,49,8,8,161,73,84,83,72,78,78,78,78,10,10,47,41,160,63,74,29,79,79,79,13,13,13,161,70,81,80,69,80,80,80,80,42,45,48,40,161,67,78,77,66,81,81,81,81,17,17,49,7,160,85,84,73,82,82,82,10,10,10,161,64,75,74,63,83,83,83,83,18,18,13,13,160,74,0,29,84,84,84,13,11,13,161,81,4,3,80,85,85,85,85,45,15,4,48,161,78,88,1,77,86,86,86,86,17,17,7,7,160,85,6,84,87,87,87,10,9,10,161,0,74,75,86,88,88,88,88,11,13,18,18,161,82,89,4,81,89,89,89,89,44,3,15,45,161,79,2,88,78,90,90,90,90,6,6,17,17,161,76,87,86,75,91,91,91,91,8,8,18,18,161,83,5,89,82,92,92,92,92,47,0,3,44,161,80,3,2,79,93,93,93,93,48,4,6,6,161,77,1,87,76,94,94,94,94,7,7,8,8,161,84,6,5,83,95,95,95,95,10,9,0,47],
            "metadata":{
                "colors":50,
                "version":3,
                "generator":"io_three",
                "normals":96,
                "faces":96,
                "vertices":90
            },